{
"project_name": "Project 2",
"ccache": true,
"ctcache": true,
"jobs": 4,
"data":
[{"line": "\n","count": 0,"cpu_perc": 14.0,"cpu_freq": 3100.0,"mem_total": 16170229760,"mem_used": 2525630464,"mem_free": 6315298816,"mem_avail": 12994318336,"swap_total": 26288381952,"swap_used": 1048576,"swap_free": 26287333376,"swap_perc": 0.0,"batt_perc": 100.0,"age": 5.012993097305298,"cpu_load_1": 0.04,"cpu_load_5": 0.14,"cpu_load_15": 0.64}
,{"line": "\n","count": 1,"cpu_perc": 89.1,"cpu_freq": 3099.99825,"mem_total": 16170229760,"mem_used": 2550288384,"mem_free": 6272163840,"mem_avail": 12961832960,"swap_total": 26288381952,"swap_used": 1048576,"swap_free": 26287333376,"swap_perc": 0.0,"batt_perc": 100.0,"age": 10.028196811676025,"cpu_load_1": 0.12,"cpu_load_5": 0.16,"cpu_load_15": 0.64}
,{"line": "\n","count": 2,"cpu_perc": 99.5,"cpu_freq": 3100.0005,"mem_total": 16170229760,"mem_used": 2528030720,"mem_free": 6230585344,"mem_avail": 12985114624,"swap_total": 26288381952,"swap_used": 1048576,"swap_free": 26287333376,"swap_perc": 0.0,"batt_perc": 100.0,"age": 15.036064386367798,"cpu_load_1": 0.51,"cpu_load_5": 0.24,"cpu_load_15": 0.66}
,{"line": "\n","count": 3,"cpu_perc": 99.4,"cpu_freq": 3099.99925,"mem_total": 16170229760,"mem_used": 2526015488,"mem_free": 6184087552,"mem_avail": 12987129856,"swap_total": 26288381952,"swap_used": 1048576,"swap_free": 26287333376,"swap_perc": 0.0,"batt_perc": 100.0,"age": 20.048027276992798,"cpu_load_1": 0.79,"cpu_load_5": 0.3,"cpu_load_15": 0.68}
,{"line": "\n","count": 4,"cpu_perc": 96.7,"cpu_freq": 3099.8504999999996,"mem_total": 16170229760,"mem_used": 2488651776,"mem_free": 6200492032,"mem_avail": 13024301056,"swap_total": 26288381952,"swap_used": 1048576,"swap_free": 26287333376,"swap_perc": 0.0,"batt_perc": 100.0,"age": 25.06065344810486,"cpu_load_1": 1.05,"cpu_load_5": 0.36,"cpu_load_15": 0.7}
,{"line": "\n","count": 5,"cpu_perc": 82.3,"cpu_freq": 3099.9995,"mem_total": 16170229760,"mem_used": 2710339584,"mem_free": 5762138112,"mem_avail": 12802895872,"swap_total": 26288381952,"swap_used": 1048576,"swap_free": 26287333376,"swap_perc": 0.0,"batt_perc": 100.0,"age": 29.985236883163452,"cpu_load_1": 1.04,"cpu_load_5": 0.37,"cpu_load_15": 0.7}
,{"line": "\n","count": 6,"cpu_perc": 99.9,"cpu_freq": 3099.99925,"mem_total": 16170229760,"mem_used": 3036385280,"mem_free": 5318197248,"mem_avail": 12476825600,"swap_total": 26288381952,"swap_used": 1048576,"swap_free": 26287333376,"swap_perc": 0.0,"batt_perc": 100.0,"age": 35.083980083465576,"cpu_load_1": 1.28,"cpu_load_5": 0.43,"cpu_load_15": 0.72}
,{"line": "\n","count": 7,"cpu_perc": 99.8,"cpu_freq": 3099.99925,"mem_total": 16170229760,"mem_used": 3056648192,"mem_free": 5159047168,"mem_avail": 12456562688,"swap_total": 26288381952,"swap_used": 1048576,"swap_free": 26287333376,"swap_perc": 0.0,"batt_perc": 100.0,"age": 40.100088596343994,"cpu_load_1": 1.5,"cpu_load_5": 0.49,"cpu_load_15": 0.74}
,{"line": "\n","count": 8,"cpu_perc": 99.7,"cpu_freq": 3100.0005,"mem_total": 16170229760,"mem_used": 3178467328,"mem_free": 4993736704,"mem_avail": 12334743552,"swap_total": 26288381952,"swap_used": 1048576,"swap_free": 26287333376,"swap_perc": 0.0,"batt_perc": 100.0,"age": 45.113009214401245,"cpu_load_1": 1.62,"cpu_load_5": 0.54,"cpu_load_15": 0.75}
,{"line": "\n","count": 9,"cpu_perc": 99.7,"cpu_freq": 3099.99925,"mem_total": 16170229760,"mem_used": 3181428736,"mem_free": 4934045696,"mem_avail": 12331782144,"swap_total": 26288381952,"swap_used": 1048576,"swap_free": 26287333376,"swap_perc": 0.0,"batt_perc": 100.0,"age": 50.132354736328125,"cpu_load_1": 1.81,"cpu_load_5": 0.59,"cpu_load_15": 0.77}
,{"line": "\n","count": 10,"cpu_perc": 99.8,"cpu_freq": 3100.0005,"mem_total": 16170229760,"mem_used": 3417595904,"mem_free": 4692930560,"mem_avail": 12095533056,"swap_total": 26288381952,"swap_used": 1048576,"swap_free": 26287333376,"swap_perc": 0.0,"batt_perc": 100.0,"age": 55.14020872116089,"cpu_load_1": 2.07,"cpu_load_5": 0.67,"cpu_load_15": 0.79}
,{"line": "\n","count": 11,"cpu_perc": 99.8,"cpu_freq": 3099.9995,"mem_total": 16170229760,"mem_used": 3076767744,"mem_free": 4971159552,"mem_avail": 12436332544,"swap_total": 26288381952,"swap_used": 1048576,"swap_free": 26287333376,"swap_perc": 0.0,"batt_perc": 100.0,"age": 60.15609669685364,"cpu_load_1": 2.22,"cpu_load_5": 0.72,"cpu_load_15": 0.81}
,{"line": "\n","count": 12,"cpu_perc": 99.7,"cpu_freq": 3100.0005,"mem_total": 16170229760,"mem_used": 3202494464,"mem_free": 4828372992,"mem_avail": 12326473728,"swap_total": 26288381952,"swap_used": 1048576,"swap_free": 26287333376,"swap_perc": 0.0,"batt_perc": 100.0,"age": 65.17218446731567,"cpu_load_1": 2.36,"cpu_load_5": 0.78,"cpu_load_15": 0.82}
,{"line": "\n","count": 13,"cpu_perc": 100.0,"cpu_freq": 2999.99925,"mem_total": 16170229760,"mem_used": 3277377536,"mem_free": 4737646592,"mem_avail": 12236374016,"swap_total": 26288381952,"swap_used": 1048576,"swap_free": 26287333376,"swap_perc": 0.0,"batt_perc": 100.0,"age": 70.18901228904724,"cpu_load_1": 2.5,"cpu_load_5": 0.83,"cpu_load_15": 0.84}
,{"line": "\n","count": 14,"cpu_perc": 98.0,"cpu_freq": 2825.0,"mem_total": 16170229760,"mem_used": 2932998144,"mem_free": 5010198528,"mem_avail": 12580114432,"swap_total": 26288381952,"swap_used": 1048576,"swap_free": 26287333376,"swap_perc": 0.0,"batt_perc": 100.0,"age": 75.20025825500488,"cpu_load_1": 2.62,"cpu_load_5": 0.88,"cpu_load_15": 0.86}
,{"line": "\n","count": 15,"cpu_perc": 99.6,"cpu_freq": 2999.9995,"mem_total": 16170229760,"mem_used": 2976772096,"mem_free": 4962545664,"mem_avail": 12536373248,"swap_total": 26288381952,"swap_used": 1048576,"swap_free": 26287333376,"swap_perc": 0.0,"batt_perc": 100.0,"age": 80.20801377296448,"cpu_load_1": 2.81,"cpu_load_5": 0.95,"cpu_load_15": 0.88}
,{"line": "\n","count": 16,"cpu_perc": 99.8,"cpu_freq": 3000.00325,"mem_total": 16170229760,"mem_used": 3082657792,"mem_free": 4788592640,"mem_avail": 12430553088,"swap_total": 26288381952,"swap_used": 1048576,"swap_free": 26287333376,"swap_perc": 0.0,"batt_perc": 100.0,"age": 85.21726179122925,"cpu_load_1": 2.9,"cpu_load_5": 1.0,"cpu_load_15": 0.9}
,{"line": "\n","count": 17,"cpu_perc": 99.9,"cpu_freq": 3000.0,"mem_total": 16170229760,"mem_used": 2832207872,"mem_free": 5001064448,"mem_avail": 12679884800,"swap_total": 26288381952,"swap_used": 1048576,"swap_free": 26287333376,"swap_perc": 0.0,"batt_perc": 100.0,"age": 90.23243379592896,"cpu_load_1": 2.99,"cpu_load_5": 1.05,"cpu_load_15": 0.92}
,{"line": "\n","count": 18,"cpu_perc": 99.5,"cpu_freq": 2938.70375,"mem_total": 16170229760,"mem_used": 2609033216,"mem_free": 5107691520,"mem_avail": 12904263680,"swap_total": 26288381952,"swap_used": 1048576,"swap_free": 26287333376,"swap_perc": 0.0,"batt_perc": 100.0,"age": 95.24415564537048,"cpu_load_1": 3.39,"cpu_load_5": 1.17,"cpu_load_15": 0.95}
,{"line": "\n","count": 19,"cpu_perc": 99.7,"cpu_freq": 2956.0215,"mem_total": 16170229760,"mem_used": 2690887680,"mem_free": 4872114176,"mem_avail": 12822261760,"swap_total": 26288381952,"swap_used": 1048576,"swap_free": 26287333376,"swap_perc": 0.0,"batt_perc": 100.0,"age": 100.26534652709961,"cpu_load_1": 3.44,"cpu_load_5": 1.21,"cpu_load_15": 0.97}
,{"line": "\n","count": 20,"cpu_perc": 99.8,"cpu_freq": 2999.9995,"mem_total": 16170229760,"mem_used": 2863169536,"mem_free": 4586721280,"mem_avail": 12649832448,"swap_total": 26288381952,"swap_used": 1048576,"swap_free": 26287333376,"swap_perc": 0.0,"batt_perc": 100.0,"age": 105.28026795387268,"cpu_load_1": 3.49,"cpu_load_5": 1.26,"cpu_load_15": 0.99}
,{"line": "\n","count": 21,"cpu_perc": 99.8,"cpu_freq": 3000.0005,"mem_total": 16170229760,"mem_used": 2880073728,"mem_free": 4462678016,"mem_avail": 12633071616,"swap_total": 26288381952,"swap_used": 1048576,"swap_free": 26287333376,"swap_perc": 0.0,"batt_perc": 100.0,"age": 110.29213571548462,"cpu_load_1": 3.53,"cpu_load_5": 1.31,"cpu_load_15": 1.0}
,{"line": "\n","count": 22,"cpu_perc": 99.7,"cpu_freq": 3000.0,"mem_total": 16170229760,"mem_used": 3075506176,